{"Algorithm": ["Accuracy", "Precision", "Recall", "F1-score", "ROC-AUC"],"Decision Tree": [0.9994838265657261, 0.9994825577000283, 0.9994838265657261, 0.9994670406013796, null], "Random Forest": [0.999635642281689, 0.9995964109982509, 0.999635642281689, 0.9996066237451201, null], "KNN": [0.9984312376017165, 0.9983429174450023, 0.9984312376017165, 0.9983454532281139, null], "Logistic Regression": [0.9606392453746811, 0.9503949076822616, 0.9606392453746811, 0.9534719588403737, null], "Naive Bayes": [0.9467430468402089, 0.9835486958390269, 0.9467430468402089, 0.9612768921120761, null]}